"X","Y","H(X)","H(Y)","H(XY)","H(X|Y)","H(Y|X)","I(X;Y)","p"
"unit-test\DMS.p0=0.2.csv.dat","unit-test\BSC.p=0.1.DMS.p0=0.2.csv.dat","0.7219280948873623","0.8267463724926178","1.1909236884766434","0.3641773159840256","0.4689955935892811","0.35775077890333673","0.1"
"unit-test\DMS.p0=0.2.csv.dat","unit-test\BSC.p=0.5.DMS.p0=0.2.csv.dat","0.7219280948873623","1.0","1.7219280948873623","0.7219280948873623","1.0","0.0","0.5"
"unit-test\DMS.p0=0.2.csv.dat","unit-test\BSC.p=0.8.DMS.p0=0.2.csv.dat","0.7219280948873623","0.9043814577244937","1.4438561897747246","0.5394747320502309","0.7219280948873623","0.18245336283713143","0.8"
"unit-test\DMS.p0=0.5.csv.dat","unit-test\BSC.p=0.1.DMS.p0=0.5.csv.dat","1.0","1.0","1.4689955935892813","0.46899559358928133","0.46899559358928133","0.5310044064107187","0.1"
"unit-test\DMS.p0=0.5.csv.dat","unit-test\BSC.p=0.5.DMS.p0=0.5.csv.dat","1.0","1.0","2.0","1.0","1.0","0.0","0.5"
"unit-test\DMS.p0=0.5.csv.dat","unit-test\BSC.p=0.8.DMS.p0=0.5.csv.dat","1.0","1.0","1.721928094887362","0.7219280948873621","0.7219280948873621","0.2780719051126379","0.8"
"unit-test\DMS.p0=0.7.csv.dat","unit-test\BSC.p=0.1.DMS.p0=0.7.csv.dat","0.8812908992306927","0.92481870497303","1.3502864928199738","0.42546778784694383","0.4689955935892811","0.455823111383749","0.1"
"unit-test\DMS.p0=0.7.csv.dat","unit-test\BSC.p=0.5.DMS.p0=0.7.csv.dat","0.8812908992306927","1.0","1.8812908992306927","0.8812908992306927","1.0","0.0","0.5"
"unit-test\DMS.p0=0.7.csv.dat","unit-test\BSC.p=0.8.DMS.p0=0.7.csv.dat","0.8812908992306927","0.9580420222262995","1.603218994118055","0.6451769718917555","0.7219280948873623","0.2361139273389372","0.8"
