"X","Y","H(X)","H(Y)","H(XY)","H(X|Y)","H(Y|X)","I(X;Y)","p"
"unit-test\DMS.p0=0.2.csv.dat","unit-test\BSC.p=0.1.DMS.p0=0.2.csv.dat","0.702913326168817","0.8054027829772961","1.0080657865942686","0.20266300361697262","0.3051524604254518","0.5002503225518443","0.099365234375"
"unit-test\DMS.p0=0.2.csv.dat","unit-test\BSC.p=0.5.DMS.p0=0.2.csv.dat","0.702913326168817","0.9801559991659765","1.23202097015196","0.2518649709859836","0.529107643983143","0.45104835518283337","0.501953125"
"unit-test\DMS.p0=0.2.csv.dat","unit-test\BSC.p=0.8.DMS.p0=0.2.csv.dat","0.702913326168817","0.8887625886306791","1.1412508434078312","0.2524882547771521","0.4383375172390144","0.4504250713916649","0.7996826171875"
"unit-test\DMS.p0=0.5.csv.dat","unit-test\BSC.p=0.1.DMS.p0=0.5.csv.dat","0.9736269751611686","0.9753384700598902","1.1713198895285009","0.19598141946861072","0.19769291436733238","0.7776455556925579","0.099365234375"
"unit-test\DMS.p0=0.5.csv.dat","unit-test\BSC.p=0.5.DMS.p0=0.5.csv.dat","0.9736269751611686","0.974381133677507","1.248779296875","0.274398163197493","0.2751523217138316","0.6992288119636756","0.501953125"
"unit-test\DMS.p0=0.5.csv.dat","unit-test\BSC.p=0.8.DMS.p0=0.5.csv.dat","0.9736269751611686","0.9784891221036641","1.23031198577696","0.25182286367329587","0.2566850106157915","0.7218041114878727","0.7996826171875"
"unit-test\DMS.p0=0.7.csv.dat","unit-test\BSC.p=0.1.DMS.p0=0.7.csv.dat","0.8606579599878573","0.9024335038106504","1.112809225884801","0.21037572207415065","0.2521512658969437","0.6502822379137067","0.099365234375"
"unit-test\DMS.p0=0.7.csv.dat","unit-test\BSC.p=0.5.DMS.p0=0.7.csv.dat","0.8606579599878573","0.9793742777358071","1.244384765625","0.26501048788919296","0.3837268056371428","0.5956474720986644","0.501953125"
"unit-test\DMS.p0=0.7.csv.dat","unit-test\BSC.p=0.8.DMS.p0=0.7.csv.dat","0.8606579599878573","0.9320431191347509","1.1982011757484083","0.26615805661365755","0.3375432157605512","0.5944999033741998","0.7996826171875"
