"X","Y","H(X)","H(Y)","H(XY)","H(X|Y)","H(Y|X)","I(X;Y)","p"
"unit-test\DMS.p0=0.2.csv.dat","unit-test\BSC.p=0.1.DMS.p0=0.2.csv.dat","0.7221951923971932","0.8261455548971437","1.1764831819194517","0.35033762702230775","0.4542879895222581","0.37185756537488546","0.0996533203125"
"unit-test\DMS.p0=0.2.csv.dat","unit-test\BSC.p=0.5.DMS.p0=0.2.csv.dat","0.7221951923971935","0.9997967778151559","1.681146346513915","0.6813495686987568","0.9589511541167218","0.040845623698436695","0.4997802734375"
"unit-test\DMS.p0=0.2.csv.dat","unit-test\BSC.p=0.8.DMS.p0=0.2.csv.dat","0.7221951923971934","0.9043123750843204","1.4199475491909994","0.5156351741066784","0.6977523567938059","0.20656001829051507","0.799718017578125"
"unit-test\DMS.p0=0.5.csv.dat","unit-test\BSC.p=0.1.DMS.p0=0.5.csv.dat","0.999784203573866","0.9997811271701692","1.4459279049715825","0.44614677780141293","0.44614370139771664","0.553637425772453","0.0996533203125"
"unit-test\DMS.p0=0.5.csv.dat","unit-test\BSC.p=0.5.DMS.p0=0.5.csv.dat","0.999784203573866","0.9997935866773388","1.9332135814439206","0.9334199947665789","0.9334293778700544","0.0663642088072871","0.4997802734375"
"unit-test\DMS.p0=0.5.csv.dat","unit-test\BSC.p=0.8.DMS.p0=0.5.csv.dat","0.999784203573866","0.9997826769056767","1.6813925496378666","0.681609872732189","0.6816083460640008","0.318174330841677","0.799718017578125"
"unit-test\DMS.p0=0.7.csv.dat","unit-test\BSC.p=0.1.DMS.p0=0.7.csv.dat","0.8800150194159533","0.923106141052971","1.3293803787916094","0.4062742377386382","0.449365359375656","0.4737407816773151","0.0996533203125"
"unit-test\DMS.p0=0.7.csv.dat","unit-test\BSC.p=0.5.DMS.p0=0.7.csv.dat","0.8800150194159533","0.9997560219984167","1.8241742028367391","0.8244181808383216","0.9441591834207858","0.055596838577631646","0.4997802734375"
"unit-test\DMS.p0=0.7.csv.dat","unit-test\BSC.p=0.8.DMS.p0=0.7.csv.dat","0.8800150194159533","0.9573918143457762","1.5687215053379444","0.6113296909921677","0.6887064859219911","0.26868532842378556","0.799718017578125"
