"X","Y","H(X)","H(Y)","H(XY)","H(X|Y)","H(Y|X)","I(X;Y)","p"
"unit-test\DMS.p0=0.2.csv.dat","unit-test\BSC.p=0.1.DMS.p0=0.2.csv.dat","0.7224231271616417","0.8271346162496318","1.1768703601685964","0.3497357439189641","0.4544472330069544","0.3726873832426776","0.0997314453125"
"unit-test\DMS.p0=0.2.csv.dat","unit-test\BSC.p=0.5.DMS.p0=0.2.csv.dat","0.7224231271616418","0.999743487364545","1.6813992940633227","0.6816558066987751","0.9589761669016805","0.040767320462866685","0.50054931640625"
"unit-test\DMS.p0=0.2.csv.dat","unit-test\BSC.p=0.8.DMS.p0=0.2.csv.dat","0.7224231271616417","0.9047017364619772","1.4208153858887516","0.516113649426774","0.6983922587271099","0.20630947773486774","0.79934326171875"
"unit-test\DMS.p0=0.5.csv.dat","unit-test\BSC.p=0.1.DMS.p0=0.5.csv.dat","0.9997637279021662","0.9997982934688281","1.446205127559043","0.44640683409021426","0.4464413996568767","0.553356893811952","0.0997314453125"
"unit-test\DMS.p0=0.5.csv.dat","unit-test\BSC.p=0.5.DMS.p0=0.5.csv.dat","0.9997637279021662","0.9997661105520962","1.9331246606256378","0.9333585500735384","0.9333609327234711","0.06640517782862776","0.50054931640625"
"unit-test\DMS.p0=0.5.csv.dat","unit-test\BSC.p=0.8.DMS.p0=0.5.csv.dat","0.9997637279021663","0.9997731438221913","1.6818748199097129","0.68210167608752","0.6821110920075466","0.31766205181464624","0.79934326171875"
"unit-test\DMS.p0=0.7.csv.dat","unit-test\BSC.p=0.1.DMS.p0=0.7.csv.dat","0.8807136365792101","0.9245779325193437","1.3306067877247854","0.4060288552054414","0.4498931511455755","0.4746847813737687","0.0997314453125"
"unit-test\DMS.p0=0.7.csv.dat","unit-test\BSC.p=0.5.DMS.p0=0.7.csv.dat","0.8807136365792101","0.9997514572277135","1.8244812877523953","0.8247298305246806","0.9437676511731852","0.05598380605452946","0.50054931640625"
"unit-test\DMS.p0=0.7.csv.dat","unit-test\BSC.p=0.8.DMS.p0=0.7.csv.dat","0.8807136365792101","0.9580365483742342","1.5696718226307291","0.6116352742564943","0.688958186051519","0.26907836232271576","0.79934326171875"
