"X","Y","H(X)","H(Y)","H(XY)","H(X|Y)","H(Y|X)","I(X;Y)","p"
"unit-test\DMS.p0=0.2.csv.dat","unit-test\BSC.p=0.1.DMS.p0=0.2.csv.dat","0.7218761307463549","0.8263352594145713","1.1764685566092714","0.35013329719470043","0.45459242586291687","0.3717428335516545","0.099737548828125"
"unit-test\DMS.p0=0.2.csv.dat","unit-test\BSC.p=0.5.DMS.p0=0.2.csv.dat","0.7218761307463549","0.9997617209027104","1.6812305118363122","0.6814687909335997","0.9593543810899575","0.04040733981275524","0.499638671875"
"unit-test\DMS.p0=0.2.csv.dat","unit-test\BSC.p=0.8.DMS.p0=0.2.csv.dat","0.7218761307463549","0.9037026403957154","1.4182886202338292","0.5145859798381134","0.6964124894874743","0.20729015090824154","0.800196533203125"
"unit-test\DMS.p0=0.5.csv.dat","unit-test\BSC.p=0.1.DMS.p0=0.5.csv.dat","0.9997537909978593","0.9997966553121331","1.4462260426509206","0.4464293873387869","0.44647225165306126","0.5533244036590724","0.099737548828125"
"unit-test\DMS.p0=0.5.csv.dat","unit-test\BSC.p=0.5.DMS.p0=0.5.csv.dat","0.9997537909978593","0.9997782978048904","1.933481791715318","0.9337034939104248","0.9337280007174582","0.06605029708743448","0.499638671875"
"unit-test\DMS.p0=0.5.csv.dat","unit-test\BSC.p=0.8.DMS.p0=0.5.csv.dat","0.9997537909978594","0.9997729888541839","1.6803703700435773","0.680597381189392","0.6806165790457178","0.3191564098084675","0.800196533203125"
"unit-test\DMS.p0=0.7.csv.dat","unit-test\BSC.p=0.1.DMS.p0=0.7.csv.dat","0.8801337482883329","0.9238210953840557","1.330112774302778","0.4062916789187221","0.4499790260144451","0.4738420693696108","0.099737548828125"
"unit-test\DMS.p0=0.7.csv.dat","unit-test\BSC.p=0.5.DMS.p0=0.7.csv.dat","0.880133748288333","0.9997433227866634","1.8242400926741822","0.8244967698875176","0.9441063443858488","0.055636978400815384","0.499638671875"
"unit-test\DMS.p0=0.7.csv.dat","unit-test\BSC.p=0.8.DMS.p0=0.7.csv.dat","0.880133748288333","0.957653406879195","1.5678436127478983","0.610190205868703","0.6877098644595653","0.26994354241963003","0.800196533203125"
