"X","Y","H(X)","H(Y)","H(XY)","H(X|Y)","H(Y|X)","I(X;Y)","p"
"unit-test\DMS.p0=0.3.len=1MB.dat","unit-test\BSC.p=0.3.DMS.p0=0.3.len=1MB.dat","0.11011793219055034","0.22025190669238454","0.22025190669238454","0.0","0.11013397450183421","0.11011793219055034","0.2998208999633789"
"unit-test\DMS.p0=0.5.len=1MB.dat","unit-test\BSC.p=0.3.DMS.p0=0.5.len=1MB.dat","0.12499998525698","0.23516006491934482","0.23516006491934482","0.0","0.11016007966236482","0.12499998525698","0.2999916076660156"
"unit-test\DMS.p0=0.8.len=1MB.dat","unit-test\BSC.p=0.3.DMS.p0=0.8.len=1MB.dat","0.09022379536744718","0.20043975864165342","0.20043975864165342","0.0","0.11021596327420624","0.09022379536744718","0.30036163330078125"
"unit-test\DMS.p0=0.3.len=1MB.dat","unit-test\BSC.p=0.5.DMS.p0=0.3.len=1MB.dat","0.11011793219055034","0.23511771229569864","0.2351177122956986","0.0","0.12499978010514828","0.11011793219055034","0.49987125396728516"
"unit-test\DMS.p0=0.5.len=1MB.dat","unit-test\BSC.p=0.5.DMS.p0=0.5.len=1MB.dat","0.12499998525698","0.24999998373931337","0.24999998373931337","0.0","0.12499999848233341","0.12499998525698","0.5000267028808594"
"unit-test\DMS.p0=0.8.len=1MB.dat","unit-test\BSC.p=0.5.DMS.p0=0.8.len=1MB.dat","0.09022379536744718","0.21522369076173797","0.21522369076173797","0.0","0.12499989539429078","0.09022379536744718","0.5001249313354492"
"unit-test\DMS.p0=0.3.len=1MB.dat","unit-test\BSC.p=0.8.DMS.p0=0.3.len=1MB.dat","0.11011793219055034","0.20040536778830265","0.20040536778830265","0.0","0.09028743559775232","0.11011793219055034","0.7998142242431641"
"unit-test\DMS.p0=0.5.len=1MB.dat","unit-test\BSC.p=0.8.DMS.p0=0.5.len=1MB.dat","0.12499998525698","0.21519821446690177","0.21519821446690177","0.0","0.09019822920992177","0.12499998525698","0.8001708984375"
"unit-test\DMS.p0=0.8.len=1MB.dat","unit-test\BSC.p=0.8.DMS.p0=0.8.len=1MB.dat","0.09022379536744718","0.18030152880893138","0.18030152880893136","0.0","0.09007773344148419","0.09022379536744718","0.8006515502929688"
