"X","Y","H(X)bit/bit","H(Y)bit/bit","H(XY)bit/2-bit","H(X|Y)bit/bit","H(Y|X)bit/bit","I(X;Y)bit/bit","p"
"..\data\case_1\HC.en.p0=0.100.dat","..\data\case_1\BSC.p0=0.100.p=0.000.dat","0.9919369477989013","0.9919369477989013","0.9919369477989011","0.0","0.0","0.9919369477989013","0.0"
"..\data\case_2\DMS.p0=0.100.dat","..\data\case_2\BSC.p0=0.100.p=0.000.dat","0.47050558860992614","0.47050558860992614","0.47050558860992614","0.0","0.0","0.47050558860992614","0.0"
"..\data\case_3\RC.en.p0=0.500.dat","..\data\case_3\BSC.p0=0.500.p=0.010.dat","0.5752194986212801","0.6336390977685776","0.6555897518800923","0.021950654111514645","0.08037025325881224","0.5532688445097654","0.009993733825946843"
"..\data\case_4\DMS.p0=0.500.dat","..\data\case_4\BSC.p0=0.500.p=0.010.dat","0.9997894648354777","0.9997938434420947","1.0777724908209518","0.07797864737885707","0.07798302598547416","0.9218108174566206","0.0101123046875"
"..\data\case_5\RC.en.p0=0.100.dat","..\data\case_5\BSC.p0=0.100.p=0.010.dat","0.5694224496836225","0.6265112470598165","0.6480692511669075","0.02155800410709092","0.0786468014832849","0.5478644455765316","0.009771451644119944"
"..\data\case_6\HC.en.p0=0.100.dat","..\data\case_6\BSC.p0=0.100.p=0.010.dat","0.9918998502834907","0.9921486821660708","1.0606713354599735","0.06852265329390261","0.06877148517648278","0.9233771969895881","0.009144756573028092"
"..\data\case_7\RC.en.p0=0.100.dat","..\data\case_7\BSC.p0=0.100.p=0.010.dat","0.2533978001272068","0.32114230721227754","0.3338016202746926","0.012659313062414967","0.08040382014748584","0.24073848706479184","0.009976237365928288"
"..\data\case_8\DMS.p0=0.100.dat","..\data\case_8\BSC.p0=0.100.p=0.010.dat","0.4704410301550982","0.49502866289870207","0.5497882125950633","0.05475954969636126","0.07934718243996501","0.41568148045873693","0.010006103515625"
