"X","Y","H(X)bit/bit","H(Y)bit/bit","H(XY)bit/2-bit","H(X|Y)bit/bit","H(Y|X)bit/bit","I(X;Y)bit/bit","p"
"..\data\case_1\HC.en.p0=0.100.dat","..\data\case_1\BSC.p0=0.100.p=0.000.dat","0.9914279102751915","0.9914279102751915","0.9914279102751918","0.0","0.0","0.9914279102751915","0.0"
"..\data\case_2\DMS.p0=0.100.dat","..\data\case_2\BSC.p0=0.100.p=0.000.dat","0.46904331077095435","0.46904331077095435","0.4690433107709543","0.0","0.0","0.46904331077095435","0.0"
"..\data\case_3\RC.en.p0=0.500.dat","..\data\case_3\BSC.p0=0.500.p=0.010.dat","0.575242264377595","0.6342069693495251","0.6561223753332512","0.021915405983726127","0.0808801109556562","0.5533268583938689","0.010069416187887568"
"..\data\case_4\DMS.p0=0.500.dat","..\data\case_4\BSC.p0=0.500.p=0.010.dat","0.9997557484445198","0.9997703077805147","1.0767595091638147","0.07698920138329973","0.07700376071929463","0.9227665470612201","0.009979248046875"
"..\data\case_5\RC.en.p0=0.100.dat","..\data\case_5\BSC.p0=0.100.p=0.010.dat","0.5695540629403938","0.6261997783921103","0.6478767514057426","0.021676973013632243","0.07832268846534884","0.5478770899267615","0.00972097451093442"
"..\data\case_6\HC.en.p0=0.100.dat","..\data\case_6\BSC.p0=0.100.p=0.010.dat","0.9912775243920038","0.9917575907435865","1.061923215106028","0.0701656243624417","0.07064569071402452","0.9211119000295621","0.00937143600312131"
"..\data\case_7\RC.en.p0=0.100.dat","..\data\case_7\BSC.p0=0.100.p=0.010.dat","0.2537444926685005","0.3210891741437202","0.3337467803727766","0.012657606229056442","0.08000228770427609","0.2410868864394441","0.009916830780749012"
"..\data\case_8\DMS.p0=0.100.dat","..\data\case_8\BSC.p0=0.100.p=0.010.dat","0.4703032091331386","0.4954124774649553","0.5505159875165813","0.055103510051625976","0.08021277838344264","0.41519969908151266","0.010125732421875"
