"X","Y","H(X)bit/bit","H(Y)bit/bit","H(XY)bit/2-bit","H(X|Y)bit/bit","H(Y|X)bit/bit","I(X;Y)bit/bit","p"
"..\data\case_1\HC.en.p0=0.100.dat","..\data\case_1\BSC.p0=0.100.p=0.000.dat","0.9919778020951351","0.9919778020951351","0.9919778020951351","0.0","0.0","0.9919778020951351","0.0"
"..\data\case_2\DMS.p0=0.100.dat","..\data\case_2\BSC.p0=0.100.p=0.000.dat","0.4693654685017995","0.4693654685017995","0.4693654685017995","0.0","0.0","0.4693654685017995","0.0"
"..\data\case_3\RC.en.p0=0.500.dat","..\data\case_3\BSC.p0=0.500.p=0.010.dat","0.5750337006980135","0.6332899658700666","0.655249405935574","0.021959440065507527","0.08021570523756064","0.553074260632506","0.009965251216614313"
"..\data\case_4\DMS.p0=0.500.dat","..\data\case_4\BSC.p0=0.500.p=0.010.dat","0.9997886379840735","0.9998051235721319","1.0771728169956893","0.07736769342355734","0.07738417901161554","0.9224209445605162","0.01001708984375"
"..\data\case_5\RC.en.p0=0.100.dat","..\data\case_5\BSC.p0=0.100.p=0.010.dat","0.5697210632179563","0.6268946190768102","0.6483051228585348","0.02141050378172449","0.07858405964057846","0.5483105594362319","0.00975702632827166"
"..\data\case_6\HC.en.p0=0.100.dat","..\data\case_6\BSC.p0=0.100.p=0.010.dat","0.9913718080782721","0.9917866317486488","1.0622477516806093","0.07046111993196033","0.0708759436023369","0.9209106881463117","0.009435052665433786"
"..\data\case_7\RC.en.p0=0.100.dat","..\data\case_7\BSC.p0=0.100.p=0.010.dat","0.25373650813033655","0.3215840441209854","0.3342755967970659","0.012691552676080516","0.08053908866672937","0.24104495545425603","0.009994954509203952"
"..\data\case_8\DMS.p0=0.100.dat","..\data\case_8\BSC.p0=0.100.p=0.010.dat","0.4702227876119778","0.49520335800246884","0.5500272060772872","0.05482384807481838","0.07980441846530939","0.4153989395371594","0.010068359375"
