"X","Y","H(X)bit/bit","H(Y)bit/bit","H(XY)bit/2-bit","H(X|Y)bit/bit","H(Y|X)bit/bit","I(X;Y)bit/bit","p"
"..\data\case_1\HC.en.p0=0.100.dat","..\data\case_1\BSC.p0=0.100.p=0.000.dat","0.9922782771104839","0.9922782771104839","0.9922782771104838","0.0","0.0","0.9922782771104839","0.0"
"..\data\case_2\DMS.p0=0.100.dat","..\data\case_2\BSC.p0=0.100.p=0.000.dat","0.46941582224262307","0.46941582224262307","0.46941582224262307","0.0","0.0","0.46941582224262307","0.0"
"..\data\case_3\RC.en.p0=0.500.dat","..\data\case_3\BSC.p0=0.500.p=0.010.dat","0.5749995669666086","0.633735292605478","0.6558184852338387","0.022083192628360594","0.08081891826723017","0.552916374338248","0.010058023144154556"
"..\data\case_4\DMS.p0=0.500.dat","..\data\case_4\BSC.p0=0.500.p=0.010.dat","0.9998050821574103","0.9998053333974977","1.0765673370227125","0.07676200362521467","0.07676225486530204","0.9230430785321956","0.00993896484375"
"..\data\case_5\RC.en.p0=0.100.dat","..\data\case_5\BSC.p0=0.100.p=0.010.dat","0.5698922538631908","0.6267092967686538","0.6481729876576694","0.02146369088901561","0.0782807337944787","0.5484285629741752","0.009715714257067038"
"..\data\case_6\HC.en.p0=0.100.dat","..\data\case_6\BSC.p0=0.100.p=0.010.dat","0.9921130529283617","0.9924735097500748","1.0616431019496775","0.06916959219960257","0.06953004902131561","0.9229434607287591","0.009224981490004603"
"..\data\case_7\RC.en.p0=0.100.dat","..\data\case_7\BSC.p0=0.100.p=0.010.dat","0.2547192517374556","0.32191502443135844","0.3346824296975708","0.012767405266212386","0.07996317796011523","0.24195184647124318","0.00991276183655865"
"..\data\case_8\DMS.p0=0.100.dat","..\data\case_8\BSC.p0=0.100.p=0.010.dat","0.46798066642741487","0.4928615356083861","0.5481334435761777","0.055271907967791634","0.08015277714876287","0.41270875845962324","0.0101220703125"
