"X","Y","H(X)","H(Y)","H(XY)","H(X|Y)","H(Y|X)","I(X;Y)","p"
"..\data\HC.en.p0=0.100.dat","..\data\BSC.p0=0.100.p=0.000.dat","0.9919169338994709","0.9919169338994709","0.9919169338994707","0.0","0.0","0.9919169338994709","0.0"
"..\data\DMS.p0=0.100.dat","..\data\BSC.p0=0.100.p=0.000.dat","0.4697532726149266","0.4697532726149266","0.4697532726149266","0.0","0.0","0.4697532726149266","0.0"
"..\data\RC.en.p0=0.500.dat","..\data\BSC.p0=0.500.p=0.010.dat","0.575117318015925","0.6331278181383057","0.655276840923505","0.02214902278519941","0.0801595229075801","0.5529682952307257","0.009958740905909735"
"..\data\DMS.p0=0.500.dat","..\data\BSC.p0=0.500.p=0.010.dat","0.9998074884043194","0.9997957385442023","1.075939058820883","0.07614332027668062","0.07613157041656352","0.9236641681276389","0.009852294921875"
"..\data\RC.en.p0=0.100.dat","..\data\BSC.p0=0.100.p=0.010.dat","0.5697185086243208","0.6274533838718934","0.6489439155661232","0.02149053169422986","0.07922540694180252","0.548227976930091","0.009861904889376681"
"..\data\HC.en.p0=0.100.dat","..\data\BSC.p0=0.100.p=0.010.dat","0.9912675440621295","0.9916731638385141","1.05981188433956","0.06813872050104611","0.06854434027743077","0.9231288235610834","0.009067422494230962"
"..\data\RC.en.p0=0.100.dat","..\data\BSC.p0=0.100.p=0.010.dat","0.2538437455125313","0.3219230746037419","0.3345111131066235","0.012588038502881675","0.08066736759409229","0.24125570700964963","0.01001407854689865"
"..\data\DMS.p0=0.100.dat","..\data\BSC.p0=0.100.p=0.010.dat","0.4692008174921276","0.49416275761443484","0.548704426536632","0.054541668922197105","0.07950360904450429","0.4146591485699305","0.01002685546875"
