"X","Y","H(X)bit/bit","H(Y)bit/bit","H(XY)bit/2-bit","H(X|Y)bit/bit","H(Y|X)bit/bit","I(X;Y)bit/bit","p"
"..\data\case_1\HC.en.p0=0.100.dat","..\data\case_1\BSC.p0=0.100.p=0.000.dat","0.9912801481946486","0.9912801481946486","0.9912801481946485","0.0","0.0","0.9912801481946486","0.0"
"..\data\case_2\DMS.p0=0.100.dat","..\data\case_2\BSC.p0=0.100.p=0.000.dat","0.4696718409359207","0.4696718409359207","0.46967184093592074","0.0","0.0","0.4696718409359207","0.0"
"..\data\case_3\RC.en.p0=0.500.dat","..\data\case_3\BSC.p0=0.500.p=0.010.dat","0.575260990574949","0.633572144255852","0.6553855027187128","0.021813358462860886","0.08012451214376387","0.553447632112088","0.0099538581728813"
"..\data\case_4\DMS.p0=0.500.dat","..\data\case_4\BSC.p0=0.500.p=0.010.dat","0.9997697900522436","0.9997833842997619","1.0771756198660136","0.07739223556625165","0.07740582981376977","0.922377554485992","0.010015869140625"
"..\data\case_5\RC.en.p0=0.100.dat","..\data\case_5\BSC.p0=0.100.p=0.010.dat","0.5697773425050463","0.6266550812605776","0.648371452295788","0.021716371035210458","0.0785941097907416","0.5480609714698359","0.009755555258353785"
"..\data\case_6\HC.en.p0=0.100.dat","..\data\case_6\BSC.p0=0.100.p=0.010.dat","0.9914800788142553","0.991905068691501","1.0607155339176955","0.06881046522619474","0.06923545510344022","0.9226696135880605","0.009177900818488204"
"..\data\case_7\RC.en.p0=0.100.dat","..\data\case_7\BSC.p0=0.100.p=0.010.dat","0.2529820214702233","0.32127368993089933","0.3339862552744248","0.012712565343525547","0.08100423380420156","0.24026945612669776","0.010067788610211422"
"..\data\case_8\DMS.p0=0.100.dat","..\data\case_8\BSC.p0=0.100.p=0.010.dat","0.4689506320670233","0.4937806687281375","0.5480109887753134","0.05423032004717586","0.07906035670829006","0.41472031201984744","0.00995361328125"
