"X(source)","P(0)","H(X)bit/bit","redundancy","msg length"
"..\data\case_1\DMS.p0=0.100.dat","0.099592","0.467702","0.532298","102400"
"..\data\case_2\DMS.p0=0.100.dat","0.100533","0.470684","0.529316","102400"
"..\data\case_3\DMS.p0=0.500.dat","0.499559","0.999999","0.000001","102400"
"..\data\case_4\DMS.p0=0.500.dat","0.499623","1.000000","0.000000","102400"
"..\data\case_5\DMS.p0=0.100.dat","0.099897","0.468670","0.531330","102400"
"..\data\case_6\DMS.p0=0.100.dat","0.100156","0.469491","0.530509","102400"
"..\data\case_7\DMS.p0=0.100.dat","0.099670","0.467950","0.532050","102400"
"..\data\case_8\DMS.p0=0.100.dat","0.100521","0.470646","0.529354","102400"
