"X(source)","P(0)","H(X)bit/bit","redundancy","msg length"
"..\data\case_1\DMS.p0=0.100.dat","0.100173","0.469545","0.530455","102400"
"..\data\case_2\DMS.p0=0.100.dat","0.100193","0.469607","0.530393","102400"
"..\data\case_3\DMS.p0=0.500.dat","0.500787","0.999998","0.000002","102400"
"..\data\case_4\DMS.p0=0.500.dat","0.499990","1.000000","0.000000","102400"
"..\data\case_5\DMS.p0=0.100.dat","0.099753","0.468213","0.531787","102400"
"..\data\case_6\DMS.p0=0.100.dat","0.100063","0.469197","0.530803","102400"
"..\data\case_7\DMS.p0=0.100.dat","0.100392","0.470237","0.529763","102400"
"..\data\case_8\DMS.p0=0.100.dat","0.099753","0.468213","0.531787","102400"
