"X(source)","P(0)","H(X)bit/bit","redundancy","msg length"
"..\data\case_1\DMS.p0=0.100.dat","0.100370","0.470167","0.529833","102400"
"..\data\case_2\DMS.p0=0.100.dat","0.099867","0.468574","0.531426","102400"
"..\data\case_3\DMS.p0=0.500.dat","0.499612","1.000000","0.000000","102400"
"..\data\case_4\DMS.p0=0.500.dat","0.499746","1.000000","0.000000","102400"
"..\data\case_5\DMS.p0=0.100.dat","0.100221","0.469696","0.530304","102400"
"..\data\case_6\DMS.p0=0.100.dat","0.100559","0.470765","0.529235","102400"
"..\data\case_7\DMS.p0=0.100.dat","0.099985","0.468949","0.531051","102400"
"..\data\case_8\DMS.p0=0.100.dat","0.100012","0.469034","0.530966","102400"
