"X(source)","P(0)","H(X)bit/bit","redundancy","msg length"
"..\data\case_1\DMS.p0=0.100.dat","0.100115","0.469359","0.530641","102400"
"..\data\case_2\DMS.p0=0.100.dat","0.100089","0.469278","0.530722","102400"
"..\data\case_3\DMS.p0=0.500.dat","0.500226","1.000000","0.000000","102400"
"..\data\case_4\DMS.p0=0.500.dat","0.501187","0.999996","0.000004","102400"
"..\data\case_5\DMS.p0=0.100.dat","0.099712","0.468082","0.531918","102400"
"..\data\case_6\DMS.p0=0.100.dat","0.100486","0.470534","0.529466","102400"
"..\data\case_7\DMS.p0=0.100.dat","0.099772","0.468272","0.531728","102400"
"..\data\case_8\DMS.p0=0.100.dat","0.100480","0.470514","0.529486","102400"
