"X(source)","P(0)","H(X)bit/bit","redundancy","msg length"
"..\data\case_1\DMS.p0=0.100.dat","0.100072","0.469224","0.530776","102400"
"..\data\case_2\DMS.p0=0.100.dat","0.100184","0.469580","0.530420","102400"
"..\data\case_3\DMS.p0=0.500.dat","0.499772","1.000000","0.000000","102400"
"..\data\case_4\DMS.p0=0.500.dat","0.499887","1.000000","0.000000","102400"
"..\data\case_5\DMS.p0=0.100.dat","0.100243","0.469765","0.530235","102400"
"..\data\case_6\DMS.p0=0.100.dat","0.099839","0.468485","0.531515","102400"
"..\data\case_7\DMS.p0=0.100.dat","0.099868","0.468578","0.531422","102400"
"..\data\case_8\DMS.p0=0.100.dat","0.100455","0.470437","0.529563","102400"
