"X(source)","Y(encoded)","Z(decoded)","compression ratio","error rate","Rs(X)bit/byte","Rs(Y)bit/byte"
..\data\HC.en.p0=0.100.dat,..\data\HC.en.p0=0.100.dat,..\data\BSC.p0=0.100.p=0.000.dat,1.0,0.0,0.9901106057479819,0.9901106057479819
..\data\DMS.p0=0.100.dat,..\data\DMS.p0=0.100.dat,..\data\BSC.p0=0.100.p=0.000.dat,1.0,0.0,0.4418145942497318,0.4418145942497318
..\data\DMS.p0=0.500.dat,..\data\RC.en.p0=0.500.dat,..\data\RC.de.p0=0.500.p=0.010.dat,0.33332790807441287,0.0002783203125,0.9987342792096313,0.565013662751691
..\data\DMS.p0=0.500.dat,..\data\DMS.p0=0.500.dat,..\data\BSC.p0=0.500.p=0.010.dat,1.0,0.009852294921875,0.9988056178433213,0.9988056178433213
..\data\HC.en.p0=0.100.dat,..\data\RC.en.p0=0.100.dat,..\data\RC.de.p0=0.100.p=0.010.dat,0.3333221795403745,0.000281084988053888,0.9893800090264206,0.556796952241841
..\data\HC.en.p0=0.100.dat,..\data\HC.en.p0=0.100.dat,..\data\BSC.p0=0.100.p=0.010.dat,1.0,0.009067422494230962,0.9894823562531181,0.9894823562531181
..\data\DMS.p0=0.100.dat,..\data\RC.en.p0=0.100.dat,..\data\RC.de.p0=0.100.p=0.010.dat,0.33332790807441287,0.000303955078125,0.44072865234344444,0.23453771553169192
..\data\DMS.p0=0.100.dat,..\data\DMS.p0=0.100.dat,..\data\BSC.p0=0.100.p=0.010.dat,1.0,0.01002685546875,0.44129354717239033,0.44129354717239033
