"X(source)","Y(encoded)","Z(decoded)","compression ratio","error rate","Rs(X)bit/byte","Rs(Y)bit/byte"
..\data\HC.en.p0=0.100.dat,..\data\HC.en.p0=0.100.dat,..\data\BSC.p0=0.100.p=0.000.dat,1.0,0.0,0.9898176896561857,0.9898176896561857
..\data\DMS.p0=0.100.dat,..\data\DMS.p0=0.100.dat,..\data\BSC.p0=0.100.p=0.000.dat,1.0,0.0,0.4425285346460551,0.4425285346460551
..\data\DMS.p0=0.500.dat,..\data\RC.en.p0=0.500.dat,..\data\RC.de.p0=0.500.p=0.010.dat,0.33332790807441287,0.000302734375,0.9987907370326947,0.5648383125838392
..\data\DMS.p0=0.500.dat,..\data\DMS.p0=0.500.dat,..\data\BSC.p0=0.500.p=0.010.dat,1.0,0.010068359375,0.9987849436249961,0.9987849436249961
..\data\HC.en.p0=0.100.dat,..\data\RC.en.p0=0.100.dat,..\data\RC.de.p0=0.100.p=0.010.dat,0.3333221597994127,0.00029918139946499324,0.989771861120359,0.5569905067372428
..\data\HC.en.p0=0.100.dat,..\data\HC.en.p0=0.100.dat,..\data\BSC.p0=0.100.p=0.010.dat,1.0,0.009349838969404186,0.9896444361594683,0.9896444361594683
..\data\DMS.p0=0.100.dat,..\data\RC.en.p0=0.100.dat,..\data\RC.de.p0=0.100.p=0.010.dat,0.33332790807441287,0.00033203125,0.44082563175565037,0.23478252313457654
..\data\DMS.p0=0.100.dat,..\data\DMS.p0=0.100.dat,..\data\BSC.p0=0.100.p=0.010.dat,1.0,0.0099462890625,0.4400919553393557,0.4400919553393557
